what,kind,bundleId,bundleVersion,description,time
executed,command,org.eclipse.ui.workbench.texteditor,3.6.1.r361_v20100714-0800,"org.eclipse.ui.edit.text.goto.lineEnd",1301603404229
executed,command,org.eclipse.ui.workbench.texteditor,3.6.1.r361_v20100714-0800,"org.eclipse.ui.edit.text.smartEnter",1301603404970
executed,command,org.eclipse.ui.workbench.texteditor,3.6.1.r361_v20100714-0800,"org.eclipse.ui.edit.text.goto.lineEnd",1301603438857
executed,command,org.eclipse.ui.workbench.texteditor,3.6.1.r361_v20100714-0800,"org.eclipse.ui.edit.text.goto.lineEnd",1301603450460
executed,command,org.eclipse.ui.workbench.texteditor,3.6.1.r361_v20100714-0800,"org.eclipse.ui.edit.text.select.lineStart",1301603452940
executed,command,org.eclipse.ui,3.6.2.M20110203-1100,"org.eclipse.ui.edit.cut",1301603453028
executed,command,org.eclipse.ui.workbench.texteditor,3.6.1.r361_v20100714-0800,"org.eclipse.ui.edit.text.goto.lineEnd",1301603471422
executed,command,org.eclipse.ui.workbench.texteditor,3.6.1.r361_v20100714-0800,"org.eclipse.ui.edit.text.goto.lineEnd",1301603478307
executed,command,org.eclipse.ui.workbench.texteditor,3.6.1.r361_v20100714-0800,"org.eclipse.ui.edit.text.smartEnter",1301603479553
executed,command,org.eclipse.ui.workbench.texteditor,3.6.1.r361_v20100714-0800,"org.eclipse.ui.edit.text.goto.lineEnd",1301603481015
executed,command,org.eclipse.ui,3.6.2.M20110203-1100,"org.eclipse.ui.edit.delete",1301603481079
executed,command,org.eclipse.ui.workbench.texteditor,3.6.1.r361_v20100714-0800,"org.eclipse.ui.edit.text.deletePreviousWord",1301603491729
executed,command,org.eclipse.ui.workbench.texteditor,3.6.1.r361_v20100714-0800,"org.eclipse.ui.edit.text.deletePreviousWord",1301603498721
executed,command,org.eclipse.ui.workbench.texteditor,3.6.1.r361_v20100714-0800,"org.eclipse.ui.edit.text.deletePreviousWord",1301603498856
executed,command,org.eclipse.ui.workbench.texteditor,3.6.1.r361_v20100714-0800,"org.eclipse.ui.edit.text.deletePreviousWord",1301603499001
executed,command,org.eclipse.ui.workbench.texteditor,3.6.1.r361_v20100714-0800,"org.eclipse.ui.edit.text.deletePreviousWord",1301603499170
executed,command,org.eclipse.ui.workbench.texteditor,3.6.1.r361_v20100714-0800,"org.eclipse.ui.edit.text.deletePreviousWord",1301603502737
executed,command,org.eclipse.ui.workbench.texteditor,3.6.1.r361_v20100714-0800,"org.eclipse.ui.edit.text.deletePreviousWord",1301603502897
executed,command,org.eclipse.ui.workbench.texteditor,3.6.1.r361_v20100714-0800,"org.eclipse.ui.edit.text.deletePreviousWord",1301603503065
executed,command,org.eclipse.ui,3.6.2.M20110203-1100,"org.eclipse.ui.file.save",1301603515263
executed,command,org.eclipse.ui.workbench.texteditor,3.6.1.r361_v20100714-0800,"org.eclipse.ui.edit.text.goto.wordPrevious",1301603524615
executed,command,org.eclipse.ui.workbench.texteditor,3.6.1.r361_v20100714-0800,"org.eclipse.ui.edit.text.goto.wordPrevious",1301603524820
executed,command,org.eclipse.ui.workbench.texteditor,3.6.1.r361_v20100714-0800,"org.eclipse.ui.edit.text.goto.wordPrevious",1301603525213
executed,command,org.eclipse.ui,3.6.2.M20110203-1100,"org.eclipse.ui.file.save",1301603526901
activated,view,org.eclipse.ui.console,3.5.0.v20100526,"org.eclipse.ui.console.ConsoleView",1301603531590
deactivated,workbench,org.eclipse.ui.workbench,3.6.2.M20110210-1200,"",1301603535125
activated,workbench,org.eclipse.ui.workbench,3.6.2.M20110210-1200,"",1301603543939
activated,editor,org.eclipse.jdt.ui,3.6.2.r362_v20110203,"org.eclipse.jdt.ui.CompilationUnitEditor",1301603543971
executed,command,org.eclipse.ui,3.6.2.M20110203-1100,"org.eclipse.ui.file.save",1301603559542
activated,view,org.eclipse.ui.console,3.5.0.v20100526,"org.eclipse.ui.console.ConsoleView",1301603563397
activated,editor,org.eclipse.jdt.ui,3.6.2.r362_v20110203,"org.eclipse.jdt.ui.CompilationUnitEditor",1301603565022
deactivated,workbench,org.eclipse.ui.workbench,3.6.2.M20110210-1200,"",1301603572260
activated,workbench,org.eclipse.ui.workbench,3.6.2.M20110210-1200,"",1301603577810
activated,view,org.eclipse.ui.console,3.5.0.v20100526,"org.eclipse.ui.console.ConsoleView",1301603580257
deactivated,workbench,org.eclipse.ui.workbench,3.6.2.M20110210-1200,"",1301603582693
activated,workbench,org.eclipse.ui.workbench,3.6.2.M20110210-1200,"",1301603586621
deactivated,workbench,org.eclipse.ui.workbench,3.6.2.M20110210-1200,"",1301603588925
activated,workbench,org.eclipse.ui.workbench,3.6.2.M20110210-1200,"",1301603593343
executed,command,org.eclipse.debug.ui,3.6.3.v20101201_r362,"org.eclipse.debug.ui.commands.RunLast",1301603594172
deactivated,workbench,org.eclipse.ui.workbench,3.6.2.M20110210-1200,"",1301603598696
activated,workbench,org.eclipse.ui.workbench,3.6.2.M20110210-1200,"",1301603601222
executed,command,org.eclipse.debug.ui,3.6.3.v20101201_r362,"org.eclipse.debug.ui.commands.RunLast",1301603602171
deactivated,workbench,org.eclipse.ui.workbench,3.6.2.M20110210-1200,"",1301603605053
activated,workbench,org.eclipse.ui.workbench,3.6.2.M20110210-1200,"",1301603607139
activated,editor,org.eclipse.jdt.ui,3.6.2.r362_v20110203,"org.eclipse.jdt.ui.CompilationUnitEditor",1301603607159
executed,command,org.eclipse.debug.ui,3.6.3.v20101201_r362,"org.eclipse.debug.ui.commands.ToggleBreakpoint",1301603617698
executed,command,org.eclipse.debug.ui,3.6.3.v20101201_r362,"org.eclipse.debug.ui.commands.DebugLast",1301603619252
activated,perspective,org.eclipse.debug.ui,3.6.3.v20101201_r362,"org.eclipse.debug.ui.DebugPerspective",1301603619634
activated,view,org.eclipse.debug.ui,3.6.3.v20101201_r362,"org.eclipse.debug.ui.VariableView",1301603624634
executed,command,org.eclipse.debug.ui,3.6.3.v20101201_r362,"org.eclipse.debug.ui.commands.StepInto",1301603635643
activated,editor,org.eclipse.jdt.ui,3.6.2.r362_v20110203,"org.eclipse.jdt.ui.CompilationUnitEditor",1301603637033
executed,command,org.eclipse.debug.ui,3.6.3.v20101201_r362,"org.eclipse.debug.ui.commands.StepInto",1301603637578
activated,view,org.eclipse.debug.ui,3.6.3.v20101201_r362,"org.eclipse.debug.ui.DebugView",1301603641846
executed,command,org.eclipse.debug.ui,3.6.3.v20101201_r362,"org.eclipse.debug.ui.commands.Resume",1301603641898
executed,command,org.eclipse.debug.ui,3.6.3.v20101201_r362,"org.eclipse.debug.ui.commands.Resume",1301603642892
executed,command,org.eclipse.debug.ui,3.6.3.v20101201_r362,"org.eclipse.debug.ui.commands.Resume",1301603643732
executed,command,org.eclipse.debug.ui,3.6.3.v20101201_r362,"org.eclipse.debug.ui.commands.Resume",1301603644587
executed,command,org.eclipse.debug.ui,3.6.3.v20101201_r362,"org.eclipse.debug.ui.commands.Resume",1301603645484
deactivated,workbench,org.eclipse.ui.workbench,3.6.2.M20110210-1200,"",1301603651541
activated,workbench,org.eclipse.ui.workbench,3.6.2.M20110210-1200,"",1301603681848
deactivated,workbench,org.eclipse.ui.workbench,3.6.2.M20110210-1200,"",1301603684899
activated,workbench,org.eclipse.ui.workbench,3.6.2.M20110210-1200,"",1301603699665
activated,view,org.eclipse.ui.console,3.5.0.v20100526,"org.eclipse.ui.console.ConsoleView",1301603701888
deactivated,workbench,org.eclipse.ui.workbench,3.6.2.M20110210-1200,"",1301603709871
activated,workbench,org.eclipse.ui.workbench,3.6.2.M20110210-1200,"",1301603724738
activated,editor,org.eclipse.jdt.ui,3.6.2.r362_v20110203,"org.eclipse.jdt.ui.CompilationUnitEditor",1301603724778
executed,command,org.eclipse.ui,3.6.2.M20110203-1100,"org.eclipse.ui.edit.delete",1301603727261
executed,command,org.eclipse.ui,3.6.2.M20110203-1100,"org.eclipse.ui.edit.delete",1301603728845
executed,command,org.eclipse.ui,3.6.2.M20110203-1100,"org.eclipse.ui.file.save",1301603729735
executed,command,org.eclipse.ui.workbench.texteditor,3.6.1.r361_v20100714-0800,"org.eclipse.ui.edit.text.select.lineStart",1301603733100
executed,command,org.eclipse.ui,3.6.2.M20110203-1100,"org.eclipse.ui.edit.cut",1301603733223
executed,command,org.eclipse.ui.workbench.texteditor,3.6.1.r361_v20100714-0800,"org.eclipse.ui.edit.text.goto.lineEnd",1301603734164
executed,command,org.eclipse.ui.workbench.texteditor,3.6.1.r361_v20100714-0800,"org.eclipse.ui.edit.text.select.lineStart",1301603734772
executed,command,org.eclipse.ui,3.6.2.M20110203-1100,"org.eclipse.ui.edit.delete",1301603734993
executed,command,org.eclipse.ui.workbench.texteditor,3.6.1.r361_v20100714-0800,"org.eclipse.ui.edit.text.goto.lineEnd",1301603735629
executed,command,org.eclipse.ui,3.6.2.M20110203-1100,"org.eclipse.ui.edit.delete",1301603735699
executed,command,org.eclipse.ui.workbench.texteditor,3.6.1.r361_v20100714-0800,"org.eclipse.ui.edit.text.goto.lineStart",1301603735924
executed,command,org.eclipse.ui.workbench.texteditor,3.6.1.r361_v20100714-0800,"org.eclipse.ui.edit.text.goto.lineEnd",1301603737212
executed,command,org.eclipse.ui,3.6.2.M20110203-1100,"org.eclipse.ui.edit.delete",1301603737248
executed,command,org.eclipse.ui,3.6.2.M20110203-1100,"org.eclipse.ui.edit.delete",1301603738168
executed,command,org.eclipse.ui,3.6.2.M20110203-1100,"org.eclipse.ui.edit.delete",1301603739010
executed,command,org.eclipse.ui,3.6.2.M20110203-1100,"org.eclipse.ui.file.save",1301603740010
deactivated,workbench,org.eclipse.ui.workbench,3.6.2.M20110210-1200,"",1301603742517
activated,workbench,org.eclipse.ui.workbench,3.6.2.M20110210-1200,"",1301603744893
executed,command,org.eclipse.debug.ui,3.6.3.v20101201_r362,"org.eclipse.debug.ui.commands.RunLast",1301603745475
deactivated,workbench,org.eclipse.ui.workbench,3.6.2.M20110210-1200,"",1301603748813
activated,workbench,org.eclipse.ui.workbench,3.6.2.M20110210-1200,"",1301603754624
executed,command,org.eclipse.debug.ui,3.6.3.v20101201_r362,"org.eclipse.debug.ui.commands.RunLast",1301603755623
deactivated,workbench,org.eclipse.ui.workbench,3.6.2.M20110210-1200,"",1301603758045
activated,workbench,org.eclipse.ui.workbench,3.6.2.M20110210-1200,"",1301603767340
deactivated,workbench,org.eclipse.ui.workbench,3.6.2.M20110210-1200,"",1301603771938
executed,command,org.eclipse.ui,3.6.2.M20110203-1100,"org.eclipse.ui.edit.findReplace",1301603771973
activated,workbench,org.eclipse.ui.workbench,3.6.2.M20110210-1200,"",1301603776120
deactivated,workbench,org.eclipse.ui.workbench,3.6.2.M20110210-1200,"",1301603778158
activated,workbench,org.eclipse.ui.workbench,3.6.2.M20110210-1200,"",1301603779036
executed,command,org.eclipse.ui.workbench.texteditor,3.6.1.r361_v20100714-0800,"org.eclipse.ui.edit.text.goto.lineEnd",1301603794427
executed,command,org.eclipse.ui.workbench.texteditor,3.6.1.r361_v20100714-0800,"org.eclipse.ui.edit.text.goto.lineStart",1301603795115
executed,command,org.eclipse.ui.workbench.texteditor,3.6.1.r361_v20100714-0800,"org.eclipse.ui.edit.text.goto.lineEnd",1301603803900
executed,command,org.eclipse.ui.workbench.texteditor,3.6.1.r361_v20100714-0800,"org.eclipse.ui.edit.text.goto.lineEnd",1301603804739
executed,command,org.eclipse.ui,3.6.2.M20110203-1100,"org.eclipse.ui.edit.delete",1301603804790
executed,command,org.eclipse.ui.workbench.texteditor,3.6.1.r361_v20100714-0800,"org.eclipse.ui.edit.text.goto.lineStart",1301603805212
executed,command,org.eclipse.ui.workbench.texteditor,3.6.1.r361_v20100714-0800,"org.eclipse.ui.edit.text.select.lineEnd",1301603829132
executed,command,org.eclipse.ui,3.6.2.M20110203-1100,"org.eclipse.ui.edit.delete",1301603829539
executed,command,org.eclipse.ui,3.6.2.M20110203-1100,"org.eclipse.ui.edit.delete",1301603829672
executed,command,org.eclipse.ui,3.6.2.M20110203-1100,"org.eclipse.ui.edit.delete",1301603830840
executed,command,org.eclipse.ui,3.6.2.M20110203-1100,"org.eclipse.ui.edit.delete",1301603831990
executed,command,org.eclipse.ui,3.6.2.M20110203-1100,"org.eclipse.ui.edit.copy",1301603843908
executed,command,org.eclipse.ui,3.6.2.M20110203-1100,"org.eclipse.ui.edit.paste",1301603851556
executed,command,org.eclipse.ui,3.6.2.M20110203-1100,"org.eclipse.ui.edit.copy",1301603891607
executed,command,org.eclipse.ui.workbench.texteditor,3.6.1.r361_v20100714-0800,"org.eclipse.ui.edit.text.select.lineStart",1301603892718
executed,command,org.eclipse.ui,3.6.2.M20110203-1100,"org.eclipse.ui.edit.paste",1301603893012
executed,command,org.eclipse.ui,3.6.2.M20110203-1100,"org.eclipse.ui.edit.copy",1301603897513
executed,command,org.eclipse.ui,3.6.2.M20110203-1100,"org.eclipse.ui.edit.paste",1301603898430
executed,command,org.eclipse.ui,3.6.2.M20110203-1100,"org.eclipse.ui.file.save",1301603910813
deactivated,workbench,org.eclipse.ui.workbench,3.6.2.M20110210-1200,"",1301603916012
activated,workbench,org.eclipse.ui.workbench,3.6.2.M20110210-1200,"",1301603919734
deactivated,workbench,org.eclipse.ui.workbench,3.6.2.M20110210-1200,"",1301603923332
activated,workbench,org.eclipse.ui.workbench,3.6.2.M20110210-1200,"",1301603933832
deactivated,workbench,org.eclipse.ui.workbench,3.6.2.M20110210-1200,"",1301603938121
activated,workbench,org.eclipse.ui.workbench,3.6.2.M20110210-1200,"",1301603940355
deactivated,workbench,org.eclipse.ui.workbench,3.6.2.M20110210-1200,"",1301603943750
activated,workbench,org.eclipse.ui.workbench,3.6.2.M20110210-1200,"",1301603947191
deactivated,workbench,org.eclipse.ui.workbench,3.6.2.M20110210-1200,"",1301603948907
activated,workbench,org.eclipse.ui.workbench,3.6.2.M20110210-1200,"",1301603949876
executed,command,org.eclipse.debug.ui,3.6.3.v20101201_r362,"org.eclipse.debug.ui.commands.RunLast",1301603950339
activated,view,org.eclipse.ui.console,3.5.0.v20100526,"org.eclipse.ui.console.ConsoleView",1301603953175
deactivated,workbench,org.eclipse.ui.workbench,3.6.2.M20110210-1200,"",1301603956387
activated,workbench,org.eclipse.ui.workbench,3.6.2.M20110210-1200,"",1301603991474
activated,editor,org.eclipse.jdt.ui,3.6.2.r362_v20110203,"org.eclipse.jdt.ui.CompilationUnitEditor",1301603991507
executed,command,org.eclipse.debug.ui,3.6.3.v20101201_r362,"org.eclipse.debug.ui.commands.ToggleBreakpoint",1301603992826
executed,command,org.eclipse.debug.ui,3.6.3.v20101201_r362,"org.eclipse.debug.ui.commands.DebugLast",1301603993763
activated,view,org.eclipse.debug.ui,3.6.3.v20101201_r362,"org.eclipse.debug.ui.BreakpointView",1301603997689
activated,view,org.eclipse.debug.ui,3.6.3.v20101201_r362,"org.eclipse.debug.ui.DebugView",1301604001270
executed,command,org.eclipse.debug.ui,3.6.3.v20101201_r362,"org.eclipse.debug.ui.commands.Resume",1301604001330
activated,editor,org.eclipse.jdt.ui,3.6.2.r362_v20110203,"org.eclipse.jdt.ui.CompilationUnitEditor",1301604008644
activated,view,org.eclipse.debug.ui,3.6.3.v20101201_r362,"org.eclipse.debug.ui.DebugView",1301604016686
executed,command,org.eclipse.debug.ui,3.6.3.v20101201_r362,"org.eclipse.debug.ui.commands.Resume",1301604016710
executed,command,org.eclipse.debug.ui,3.6.3.v20101201_r362,"org.eclipse.debug.ui.commands.Resume",1301604017586
activated,editor,org.eclipse.jdt.ui,3.6.2.r362_v20110203,"org.eclipse.jdt.ui.CompilationUnitEditor",1301604023937
executed,command,org.eclipse.debug.ui,3.6.3.v20101201_r362,"org.eclipse.debug.ui.commands.ToggleBreakpoint",1301604025856
executed,command,org.eclipse.debug.ui,3.6.3.v20101201_r362,"org.eclipse.debug.ui.commands.ToggleBreakpoint",1301604027897
activated,view,org.eclipse.debug.ui,3.6.3.v20101201_r362,"org.eclipse.debug.ui.DebugView",1301604030463
executed,command,org.eclipse.debug.ui,3.6.3.v20101201_r362,"org.eclipse.debug.ui.commands.Resume",1301604030505
activated,editor,org.eclipse.jdt.ui,3.6.2.r362_v20110203,"org.eclipse.jdt.ui.CompilationUnitEditor",1301604036526
deactivated,workbench,org.eclipse.ui.workbench,3.6.2.M20110210-1200,"",1301604059645
activated,workbench,org.eclipse.ui.workbench,3.6.2.M20110210-1200,"",1301604062150
activated,view,org.eclipse.debug.ui,3.6.3.v20101201_r362,"org.eclipse.debug.ui.DebugView",1301604062188
executed,command,org.eclipse.debug.ui,3.6.3.v20101201_r362,"org.eclipse.debug.ui.commands.Terminate",1301604062191
deactivated,workbench,org.eclipse.ui.workbench,3.6.2.M20110210-1200,"",1301604063457
activated,workbench,org.eclipse.ui.workbench,3.6.2.M20110210-1200,"",1301604090580
deactivated,workbench,org.eclipse.ui.workbench,3.6.2.M20110210-1200,"",1301604093138
activated,workbench,org.eclipse.ui.workbench,3.6.2.M20110210-1200,"",1301604099959
activated,editor,org.eclipse.jdt.ui,3.6.2.r362_v20110203,"org.eclipse.jdt.ui.CompilationUnitEditor",1301604106558
activated,view,org.eclipse.debug.ui,3.6.3.v20101201_r362,"org.eclipse.debug.ui.BreakpointView",1301604108079
activated,editor,org.eclipse.jdt.ui,3.6.2.r362_v20110203,"org.eclipse.jdt.ui.CompilationUnitEditor",1301604111788
executed,command,org.eclipse.debug.ui,3.6.3.v20101201_r362,"org.eclipse.debug.ui.commands.ToggleBreakpoint",1301604112744
activated,view,org.eclipse.debug.ui,3.6.3.v20101201_r362,"org.eclipse.debug.ui.DebugView",1301604128060
executed,command,org.eclipse.debug.ui,3.6.3.v20101201_r362,"org.eclipse.debug.ui.commands.Terminate",1301604128113
activated,editor,org.eclipse.jdt.ui,3.6.2.r362_v20110203,"org.eclipse.jdt.ui.CompilationUnitEditor",1301604129224
executed,command,org.eclipse.ui.workbench.texteditor,3.6.1.r361_v20100714-0800,"org.eclipse.ui.edit.text.goto.lineStart",1301604142226
executed,command,org.eclipse.ui.workbench.texteditor,3.6.1.r361_v20100714-0800,"org.eclipse.ui.edit.text.goto.lineEnd",1301604143322
executed,command,org.eclipse.ui,3.6.2.M20110203-1100,"org.eclipse.ui.edit.text.contentAssist.proposals",1301604148696
executed,command,org.eclipse.ui.workbench.texteditor,3.6.1.r361_v20100714-0800,"org.eclipse.ui.edit.text.goto.lineEnd",1301604154132
executed,command,org.eclipse.ui,3.6.2.M20110203-1100,"org.eclipse.ui.file.save",1301604155562
executed,command,org.eclipse.ui.workbench.texteditor,3.6.1.r361_v20100714-0800,"org.eclipse.ui.edit.text.goto.lineEnd",1301604160322
executed,command,org.eclipse.ui.workbench.texteditor,3.6.1.r361_v20100714-0800,"org.eclipse.ui.edit.text.goto.lineEnd",1301604166811
executed,command,org.eclipse.ui.workbench.texteditor,3.6.1.r361_v20100714-0800,"org.eclipse.ui.edit.text.deletePreviousWord",1301604174806
executed,command,org.eclipse.ui.workbench.texteditor,3.6.1.r361_v20100714-0800,"org.eclipse.ui.edit.text.deletePreviousWord",1301604174935
executed,command,org.eclipse.ui,3.6.2.M20110203-1100,"org.eclipse.ui.edit.text.contentAssist.proposals",1301604192689
executed,command,org.eclipse.ui,3.6.2.M20110203-1100,"org.eclipse.ui.file.save",1301604203998
executed,command,org.eclipse.ui,3.6.2.M20110203-1100,"org.eclipse.ui.file.save",1301604211606
activated,perspective,org.eclipse.jdt.ui,3.6.2.r362_v20110203,"org.eclipse.jdt.ui.JavaPerspective",1301604212947
deactivated,workbench,org.eclipse.ui.workbench,3.6.2.M20110210-1200,"",1301604214227
executed,command,org.eclipse.ui,3.6.2.M20110203-1100,"org.eclipse.ui.edit.findReplace",1301604214247
activated,workbench,org.eclipse.ui.workbench,3.6.2.M20110210-1200,"",1301604221918
deactivated,workbench,org.eclipse.ui.workbench,3.6.2.M20110210-1200,"",1301604222967
executed,command,org.eclipse.ui,3.6.2.M20110203-1100,"org.eclipse.ui.edit.findReplace",1301604222997
activated,workbench,org.eclipse.ui.workbench,3.6.2.M20110210-1200,"",1301604227832
executed,command,org.eclipse.ui.workbench.texteditor,3.6.1.r361_v20100714-0800,"org.eclipse.ui.edit.text.goto.lineEnd",1301604239186
executed,command,org.eclipse.ui.workbench.texteditor,3.6.1.r361_v20100714-0800,"org.eclipse.ui.edit.text.goto.lineEnd",1301604240314
executed,command,org.eclipse.ui,3.6.2.M20110203-1100,"org.eclipse.ui.edit.delete",1301604240391
executed,command,org.eclipse.ui,3.6.2.M20110203-1100,"org.eclipse.ui.file.save",1301604243495
deactivated,workbench,org.eclipse.ui.workbench,3.6.2.M20110210-1200,"",1301604254160
activated,workbench,org.eclipse.ui.workbench,3.6.2.M20110210-1200,"",1301604260108
deactivated,workbench,org.eclipse.ui.workbench,3.6.2.M20110210-1200,"",1301604265401
activated,workbench,org.eclipse.ui.workbench,3.6.2.M20110210-1200,"",1301604270997
activated,view,org.eclipse.ui.console,3.5.0.v20100526,"org.eclipse.ui.console.ConsoleView",1301604273426
activated,editor,org.eclipse.jdt.ui,3.6.2.r362_v20110203,"org.eclipse.jdt.ui.CompilationUnitEditor",1301604274992
executed,command,org.eclipse.ui.workbench.texteditor,3.6.1.r361_v20100714-0800,"org.eclipse.ui.edit.text.select.lineStart",1301604287057
executed,command,org.eclipse.ui,3.6.2.M20110203-1100,"org.eclipse.ui.edit.cut",1301604287141
executed,command,org.eclipse.ui,3.6.2.M20110203-1100,"org.eclipse.ui.edit.text.contentAssist.proposals",1301604296408
executed,command,org.eclipse.ui.workbench.texteditor,3.6.1.r361_v20100714-0800,"org.eclipse.ui.edit.text.goto.lineEnd",1301604306276
executed,command,org.eclipse.ui.workbench.texteditor,3.6.1.r361_v20100714-0800,"org.eclipse.ui.edit.text.goto.lineEnd",1301604333254
executed,command,org.eclipse.ui,3.6.2.M20110203-1100,"org.eclipse.ui.file.save",1301604334671
executed,command,org.eclipse.ui,3.6.2.M20110203-1100,"org.eclipse.ui.edit.delete",1301604335424
executed,command,org.eclipse.ui,3.6.2.M20110203-1100,"org.eclipse.ui.file.save",1301604336221
executed,command,org.eclipse.ui,3.6.2.M20110203-1100,"org.eclipse.ui.file.save",1301604339647
deactivated,workbench,org.eclipse.ui.workbench,3.6.2.M20110210-1200,"",1301604340690
activated,workbench,org.eclipse.ui.workbench,3.6.2.M20110210-1200,"",1301604382032
activated,editor,org.eclipse.jdt.ui,3.6.2.r362_v20110203,"org.eclipse.jdt.ui.CompilationUnitEditor",1301604382112
deactivated,workbench,org.eclipse.ui.workbench,3.6.2.M20110210-1200,"",1301604406323
activated,workbench,org.eclipse.ui.workbench,3.6.2.M20110210-1200,"",1301604412262
executed,command,org.eclipse.debug.ui,3.6.3.v20101201_r362,"org.eclipse.debug.ui.commands.RunLast",1301604413164
deactivated,workbench,org.eclipse.ui.workbench,3.6.2.M20110210-1200,"",1301604416178
activated,workbench,org.eclipse.ui.workbench,3.6.2.M20110210-1200,"",1301604418170
executed,command,org.eclipse.debug.ui,3.6.3.v20101201_r362,"org.eclipse.debug.ui.commands.RunLast",1301604419024
activated,view,org.eclipse.ui.console,3.5.0.v20100526,"org.eclipse.ui.console.ConsoleView",1301604421704
activated,editor,org.eclipse.jdt.ui,3.6.2.r362_v20110203,"org.eclipse.jdt.ui.CompilationUnitEditor",1301604428024
activated,editor,org.eclipse.jdt.ui,3.6.2.r362_v20110203,"org.eclipse.jdt.ui.CompilationUnitEditor",1301604429142
executed,command,org.eclipse.ui.workbench.texteditor,3.6.1.r361_v20100714-0800,"org.eclipse.ui.edit.text.select.lineStart",1301604459752
executed,command,org.eclipse.ui,3.6.2.M20110203-1100,"org.eclipse.ui.edit.cut",1301604459864
executed,command,org.eclipse.ui.workbench.texteditor,3.6.1.r361_v20100714-0800,"org.eclipse.ui.edit.text.select.lineStart",1301604460520
executed,command,org.eclipse.ui,3.6.2.M20110203-1100,"org.eclipse.ui.edit.delete",1301604460773
executed,command,org.eclipse.ui,3.6.2.M20110203-1100,"org.eclipse.ui.edit.delete",1301604460948
executed,command,org.eclipse.ui,3.6.2.M20110203-1100,"org.eclipse.ui.edit.delete",1301604462388
executed,command,org.eclipse.ui,3.6.2.M20110203-1100,"org.eclipse.ui.file.save",1301604464012
deactivated,workbench,org.eclipse.ui.workbench,3.6.2.M20110210-1200,"",1301604487531
activated,workbench,org.eclipse.ui.workbench,3.6.2.M20110210-1200,"",1301604505174
activated,view,org.eclipse.ui.console,3.5.0.v20100526,"org.eclipse.ui.console.ConsoleView",1301604507321
activated,editor,org.eclipse.jdt.ui,3.6.2.r362_v20110203,"org.eclipse.jdt.ui.CompilationUnitEditor",1301604518570
executed,command,org.eclipse.ui,3.6.2.M20110203-1100,"org.eclipse.ui.edit.delete",1301604540016
executed,command,org.eclipse.ui.workbench.texteditor,3.6.1.r361_v20100714-0800,"org.eclipse.ui.edit.text.select.lineStart",1301604544807
executed,command,org.eclipse.ui,3.6.2.M20110203-1100,"org.eclipse.ui.file.save",1301604546905
executed,command,org.eclipse.ui.workbench.texteditor,3.6.1.r361_v20100714-0800,"org.eclipse.ui.edit.text.select.lineStart",1301604564976
executed,command,org.eclipse.ui,3.6.2.M20110203-1100,"org.eclipse.ui.file.save",1301604567000
executed,command,org.eclipse.jdt.ui,3.6.2.r362_v20110203,"org.eclipse.jdt.ui.edit.text.java.format",1301604568475
executed,command,org.eclipse.ui.workbench.texteditor,3.6.1.r361_v20100714-0800,"org.eclipse.ui.edit.text.goto.lineStart",1301604570208
executed,command,org.eclipse.ui,3.6.2.M20110203-1100,"org.eclipse.ui.edit.delete",1301604578772
executed,command,org.eclipse.ui,3.6.2.M20110203-1100,"org.eclipse.ui.file.save",1301604581229
executed,command,org.eclipse.ui,3.6.2.M20110203-1100,"org.eclipse.ui.file.save",1301604621838
executed,command,org.eclipse.ui,3.6.2.M20110203-1100,"org.eclipse.ui.edit.delete",1301604645253
executed,command,org.eclipse.ui,3.6.2.M20110203-1100,"org.eclipse.ui.edit.delete",1301604652036
executed,command,org.eclipse.ui,3.6.2.M20110203-1100,"org.eclipse.ui.file.save",1301604653028
executed,command,org.eclipse.ui,3.6.2.M20110203-1100,"org.eclipse.ui.edit.delete",1301604655150
executed,command,org.eclipse.ui,3.6.2.M20110203-1100,"org.eclipse.ui.file.save",1301604657652
deactivated,workbench,org.eclipse.ui.workbench,3.6.2.M20110210-1200,"",1301604673464
activated,workbench,org.eclipse.ui.workbench,3.6.2.M20110210-1200,"",1301604678750
activated,view,org.eclipse.ui.console,3.5.0.v20100526,"org.eclipse.ui.console.ConsoleView",1301604694863
deactivated,workbench,org.eclipse.ui.workbench,3.6.2.M20110210-1200,"",1301604695761
activated,workbench,org.eclipse.ui.workbench,3.6.2.M20110210-1200,"",1301604816002
activated,editor,org.eclipse.jdt.ui,3.6.2.r362_v20110203,"org.eclipse.jdt.ui.CompilationUnitEditor",1301604816033
executed,command,org.eclipse.ui,3.6.2.M20110203-1100,"org.eclipse.ui.file.save",1301604900779
activated,view,org.eclipse.jdt.ui,3.6.2.r362_v20110203,"org.eclipse.jdt.ui.PackageExplorer",1301604903224
opened,editor,org.eclipse.jdt.ui,3.6.2.r362_v20110203,"org.eclipse.jdt.ui.CompilationUnitEditor",1301604905261
activated,editor,org.eclipse.jdt.ui,3.6.2.r362_v20110203,"org.eclipse.jdt.ui.CompilationUnitEditor",1301604905314
activated,view,org.eclipse.ui.console,3.5.0.v20100526,"org.eclipse.ui.console.ConsoleView",1301604912232
activated,editor,org.eclipse.jdt.ui,3.6.2.r362_v20110203,"org.eclipse.jdt.ui.CompilationUnitEditor",1301604916755
activated,editor,org.eclipse.jdt.ui,3.6.2.r362_v20110203,"org.eclipse.jdt.ui.CompilationUnitEditor",1301604917879
executed,command,org.eclipse.ui,3.6.2.M20110203-1100,"org.eclipse.ui.edit.copy",1301604934691
executed,command,org.eclipse.ui,3.6.2.M20110203-1100,"org.eclipse.ui.edit.cut",1301604935241
